match_id,division,match_date,section,team,player,goals,goal_minutes,source_url,note
2026_D1_m01,1部,2026-04-05,第1節,三菱重工浦和レッズレディースジュニアユース,大隈 亜子,2,23分|29分,https://u15.kantolsl.com/2026/div1/m01,
2026_D1_m01,1部,2026-04-05,第1節,湘南ベルマーレU-15ガールズ,高橋 杏莉,1,66分,https://u15.kantolsl.com/2026/div1/m01,
2026_D1_m02,1部,2026-04-05,第1節,ジェフユナイテッド市原・千葉レディースU-15,伊東 空,2,22分|60分,https://u15.kantolsl.com/2026/div1/m02,
2026_D1_m02,1部,2026-04-05,第1節,ジェフユナイテッド市原・千葉レディースU-15,越川 日葉莉,1,57分,https://u15.kantolsl.com/2026/div1/m02,
2026_D1_m02,1部,2026-04-05,第1節,ジェフユナイテッド市原・千葉レディースU-15,山下 明日未,1,78分,https://u15.kantolsl.com/2026/div1/m02,
2026_D1_m03,1部,2026-04-05,第1節,ノジマステラ神奈川相模原アヴェニーレ,鈴木 美尋,2,28分|75分,https://u15.kantolsl.com/2026/div1/m03,
2026_D1_m03,1部,2026-04-05,第1節,ノジマステラ神奈川相模原アヴェニーレ,中田 優沙,1,24分,https://u15.kantolsl.com/2026/div1/m03,
2026_D1_m03,1部,2026-04-05,第1節,ノジマステラ神奈川相模原アヴェニーレ,福永 桔子,1,41分,https://u15.kantolsl.com/2026/div1/m03,
2026_D1_m03,1部,2026-04-05,第1節,INAC白岡SCレディース,肥田 梨咲子,1,38分,https://u15.kantolsl.com/2026/div1/m03,
2026_D1_m04,1部,2026-04-05,第1節,横須賀シーガルズMEG,阿部 妃栞,2,11分|32分,https://u15.kantolsl.com/2026/div1/m04,
2026_D1_m04,1部,2026-04-05,第1節,横須賀シーガルズMEG,赤瀬 紗来,2,50分|53分,https://u15.kantolsl.com/2026/div1/m04,
2026_D1_m04,1部,2026-04-05,第1節,横須賀シーガルズMEG,小野寺 真帆,1,79分,https://u15.kantolsl.com/2026/div1/m04,
2026_D1_m04,1部,2026-04-05,第1節,横須賀シーガルズMEG,大宮 夢,1,80+2分,https://u15.kantolsl.com/2026/div1/m04,
2026_D1_m04,1部,2026-04-05,第1節,VONDS市原FCレディ－スU-15,長山 あいら,1,52分,https://u15.kantolsl.com/2026/div1/m04,
2026_D1_m05,1部,2026-04-11,第2節,小美玉フットボールアカデミー,高柳 凛歩,1,73分,https://u15.kantolsl.com/2026/div1/m05,team_heading_not_in_match:小美玉フットボールアカデミー
2026_D1_m05,1部,2026-04-11,第2節,三菱重工浦和レッズレディースジュニアユース,小林 花音,1,36分,https://u15.kantolsl.com/2026/div1/m05,
2026_D1_m06,1部,2026-04-12,第2節,湘南ベルマーレU-15ガールズ,中邨 日向,1,80+1分,https://u15.kantolsl.com/2026/div1/m06,
2026_D1_m06,1部,2026-04-12,第2節,ジェフユナイテッド市原・千葉レディースU-15,伊東 空,3,18分|42分|45分,https://u15.kantolsl.com/2026/div1/m06,
2026_D1_m06,1部,2026-04-12,第2節,ジェフユナイテッド市原・千葉レディースU-15,平野 笑帆,1,27分,https://u15.kantolsl.com/2026/div1/m06,
2026_D1_m07,1部,2026-04-11,第2節,VONDS市原FCレディ－スU-15,氏家 心絆,1,59分,https://u15.kantolsl.com/2026/div1/m07,
2026_D1_m07,1部,2026-04-11,第2節,ノジマステラ神奈川相模原アヴェニーレ,福永 桔子,1,13分,https://u15.kantolsl.com/2026/div1/m07,
2026_D1_m07,1部,2026-04-11,第2節,ノジマステラ神奈川相模原アヴェニーレ,信川 結菜,1,33分,https://u15.kantolsl.com/2026/div1/m07,
2026_D1_m07,1部,2026-04-11,第2節,ノジマステラ神奈川相模原アヴェニーレ,松川 明愛,1,42分,https://u15.kantolsl.com/2026/div1/m07,
2026_D1_m08,1部,2026-04-11,第2節,INAC白岡SCレディース,金子 歩未,1,8分,https://u15.kantolsl.com/2026/div1/m08,
2026_D1_m08,1部,2026-04-11,第2節,INAC白岡SCレディース,藤本 優里,1,35分,https://u15.kantolsl.com/2026/div1/m08,
2026_D1_m08,1部,2026-04-11,第2節,INAC白岡SCレディース,江川 千聖,1,62分,https://u15.kantolsl.com/2026/div1/m08,
2026_D1_m08,1部,2026-04-11,第2節,横須賀シーガルズMEG,中島 叶夢,1,66分,https://u15.kantolsl.com/2026/div1/m08,
2026_D1_m09,1部,2026-04-18,第3節,三菱重工浦和レッズレディースジュニアユース,平出 皐,3,12分|33分|42分,https://u15.kantolsl.com/2026/div1/m09,
2026_D1_m09,1部,2026-04-18,第3節,三菱重工浦和レッズレディースジュニアユース,河合 萌花,1,2分,https://u15.kantolsl.com/2026/div1/m09,
2026_D1_m09,1部,2026-04-18,第3節,三菱重工浦和レッズレディースジュニアユース,森井 咲,1,54分,https://u15.kantolsl.com/2026/div1/m09,
2026_D1_m09,1部,2026-04-18,第3節,INAC白岡SCレディース,藤本 優里,1,45分,https://u15.kantolsl.com/2026/div1/m09,
2026_D1_m10,1部,2026-04-19,第3節,ジェフユナイテッド市原・千葉レディースU-15,小田 葵音,3,10分|15分|52分,https://u15.kantolsl.com/2026/div1/m10,
2026_D1_m10,1部,2026-04-19,第3節,ジェフユナイテッド市原・千葉レディースU-15,平野 笑帆,2,30分|39分,https://u15.kantolsl.com/2026/div1/m10,
2026_D1_m10,1部,2026-04-19,第3節,ジェフユナイテッド市原・千葉レディースU-15,西澤 琉愛,2,51分|61分,https://u15.kantolsl.com/2026/div1/m10,
2026_D1_m10,1部,2026-04-19,第3節,ジェフユナイテッド市原・千葉レディースU-15,吉岡 奏碧,1,48分,https://u15.kantolsl.com/2026/div1/m10,
2026_D1_m10,1部,2026-04-19,第3節,ジェフユナイテッド市原・千葉レディースU-15,山下 明日未,1,70分,https://u15.kantolsl.com/2026/div1/m10,
2026_D1_m10,1部,2026-04-19,第3節,VONDS市原FCレディ－スU-15,柴田 麗衣,1,20分,https://u15.kantolsl.com/2026/div1/m10,
2026_D1_m10,1部,2026-04-19,第3節,VONDS市原FCレディ－スU-15,福尾 美緒音,1,73分,https://u15.kantolsl.com/2026/div1/m10,
2026_D1_m11,1部,2026-04-18,第3節,ノジマステラ神奈川相模原アヴェニーレ,山口 心寧,1,33分,https://u15.kantolsl.com/2026/div1/m11,
2026_D1_m11,1部,2026-04-18,第3節,ノジマステラ神奈川相模原アヴェニーレ,福永 桔子,1,48分,https://u15.kantolsl.com/2026/div1/m11,
2026_D1_m11,1部,2026-04-18,第3節,湘南ベルマーレU-15ガールズ,島田 莉里花,1,44分,https://u15.kantolsl.com/2026/div1/m11,
2026_D1_m12,1部,2026-04-18,第3節,横須賀シーガルズMEG,小野寺 真帆,1,43分,https://u15.kantolsl.com/2026/div1/m12,
2026_D1_m12,1部,2026-04-18,第3節,横須賀シーガルズMEG,脇田 莉央,1,76分,https://u15.kantolsl.com/2026/div1/m12,
2026_D1_m12,1部,2026-04-18,第3節,小美玉フットボールアカデミー,北川 花澄,1,69分,https://u15.kantolsl.com/2026/div1/m12,team_heading_not_in_match:小美玉フットボールアカデミー
2026_D1_m13,1部,2026-05-09,第4節,三菱重工浦和レッズレディースジュニアユース,池谷 七南,1,10分,https://u15.kantolsl.com/2026/div1/m13,
2026_D1_m13,1部,2026-05-09,第4節,三菱重工浦和レッズレディースジュニアユース,浅野 伶央,1,13分,https://u15.kantolsl.com/2026/div1/m13,
2026_D1_m13,1部,2026-05-09,第4節,三菱重工浦和レッズレディースジュニアユース,小林 花音,1,18分,https://u15.kantolsl.com/2026/div1/m13,
2026_D1_m13,1部,2026-05-09,第4節,三菱重工浦和レッズレディースジュニアユース,平澤 夢真,1,46分,https://u15.kantolsl.com/2026/div1/m13,
2026_D1_m13,1部,2026-05-09,第4節,三菱重工浦和レッズレディースジュニアユース,林 花凜,1,75分,https://u15.kantolsl.com/2026/div1/m13,
2026_D1_m13,1部,2026-05-09,第4節,三菱重工浦和レッズレディースジュニアユース,那須野 葵,1,77分,https://u15.kantolsl.com/2026/div1/m13,
2026_D1_m13,1部,2026-05-09,第4節,三菱重工浦和レッズレディースジュニアユース,頼広 結舞,1,79分,https://u15.kantolsl.com/2026/div1/m13,
2026_D1_m14,1部,2026-05-10,第4節,INAC白岡SCレディース,小沼 來倖,1,79分,https://u15.kantolsl.com/2026/div1/m14,
2026_D1_m15,1部,2026-05-09,第4節,小美玉フットボールアカデミー,水越 苺奈,2,27分|51分,https://u15.kantolsl.com/2026/div1/m15,team_heading_not_in_match:小美玉フットボールアカデミー
2026_D1_m15,1部,2026-05-09,第4節,ノジマステラ神奈川相模原アヴェニーレ,鈴木 美尋,1,62分,https://u15.kantolsl.com/2026/div1/m15,
2026_D1_m16,1部,2026-05-09,第4節,湘南ベルマーレU-15ガールズ,籔下 遥,2,2分|69分,https://u15.kantolsl.com/2026/div1/m16,
2026_D1_m16,1部,2026-05-09,第4節,湘南ベルマーレU-15ガールズ,茨田 真侑,1,43分,https://u15.kantolsl.com/2026/div1/m16,
2026_D1_m16,1部,2026-05-09,第4節,横須賀シーガルズMEG,阿部 妃栞,1,36分,https://u15.kantolsl.com/2026/div1/m16,
2026_D1_m16,1部,2026-05-09,第4節,横須賀シーガルズMEG,赤瀬 紗来,1,65分,https://u15.kantolsl.com/2026/div1/m16,
2026_D1_m17,1部,2026-05-16,第5節,横須賀シーガルズMEG,阿部 妃栞,1,57分,https://u15.kantolsl.com/2026/div1/m17,
2026_D1_m17,1部,2026-05-16,第5節,三菱重工浦和レッズレディースジュニアユース,浅野 伶央,1,14分,https://u15.kantolsl.com/2026/div1/m17,
2026_D1_m17,1部,2026-05-16,第5節,三菱重工浦和レッズレディースジュニアユース,森井 咲,1,31分,https://u15.kantolsl.com/2026/div1/m17,
2026_D1_m17,1部,2026-05-16,第5節,三菱重工浦和レッズレディースジュニアユース,林 花凜,1,46分,https://u15.kantolsl.com/2026/div1/m17,
2026_D1_m18,1部,2026-05-17,第5節,ノジマステラ神奈川相模原アヴェニーレ,福永 桔子,1,14分,https://u15.kantolsl.com/2026/div1/m18,
2026_D1_m18,1部,2026-05-17,第5節,ノジマステラ神奈川相模原アヴェニーレ,田中 凛,1,31分,https://u15.kantolsl.com/2026/div1/m18,
2026_D1_m19,1部,2026-05-16,第5節,湘南ベルマーレU-15ガールズ,佐藤 楓,2,7分|46分,https://u15.kantolsl.com/2026/div1/m19,
2026_D1_m19,1部,2026-05-16,第5節,湘南ベルマーレU-15ガールズ,茨田 真侑,1,33分,https://u15.kantolsl.com/2026/div1/m19,
2026_D1_m19,1部,2026-05-16,第5節,湘南ベルマーレU-15ガールズ,籔下 遥,1,59分,https://u15.kantolsl.com/2026/div1/m19,
2026_D1_m19,1部,2026-05-16,第5節,湘南ベルマーレU-15ガールズ,宮崎 杏,1,80+1分,https://u15.kantolsl.com/2026/div1/m19,
2026_D1_m20,1部,2026-05-17,第5節,小美玉フットボールアカデミー,水越 苺奈,1,14分,https://u15.kantolsl.com/2026/div1/m20,team_heading_not_in_match:小美玉フットボールアカデミー
2026_D1_m20,1部,2026-05-17,第5節,小美玉フットボールアカデミー,オウンゴール,1,63分,https://u15.kantolsl.com/2026/div1/m20,team_heading_not_in_match:小美玉フットボールアカデミー
2026_D1_m20,1部,2026-05-17,第5節,小美玉フットボールアカデミー,川崎 理桜,1,80+3分,https://u15.kantolsl.com/2026/div1/m20,team_heading_not_in_match:小美玉フットボールアカデミー
2026_D1_m21,1部,2026-05-30,第6節,ノジマステラ神奈川相模原アヴェニーレ,鈴木 美尋,1,44分,https://u15.kantolsl.com/2026/div1/m21,
2026_D1_m21,1部,2026-05-30,第6節,三菱重工浦和レッズレディースジュニアユース,森井 咲,1,12分,https://u15.kantolsl.com/2026/div1/m21,
2026_D1_m21,1部,2026-05-30,第6節,三菱重工浦和レッズレディースジュニアユース,林 花凜,1,44分,https://u15.kantolsl.com/2026/div1/m21,
2026_D1_m21,1部,2026-05-30,第6節,三菱重工浦和レッズレディースジュニアユース,河合 萌花,1,77分,https://u15.kantolsl.com/2026/div1/m21,
2026_D1_m22,1部,2026-05-30,第6節,横須賀シーガルズMEG,赤瀬 紗来,1,4分,https://u15.kantolsl.com/2026/div1/m22,
2026_D1_m22,1部,2026-05-30,第6節,横須賀シーガルズMEG,阿部 妃栞,1,80+2分,https://u15.kantolsl.com/2026/div1/m22,
2026_D1_m22,1部,2026-05-30,第6節,ジェフユナイテッド市原・千葉レディースU-15,岡﨑 かえで,2,13分|30分,https://u15.kantolsl.com/2026/div1/m22,
2026_D1_m22,1部,2026-05-30,第6節,ジェフユナイテッド市原・千葉レディースU-15,伊東 空,1,59分,https://u15.kantolsl.com/2026/div1/m22,
2026_D1_m23,1部,2026-05-30,第6節,小美玉フットボールアカデミー,水越 苺奈,1,13分,https://u15.kantolsl.com/2026/div1/m23,team_heading_not_in_match:小美玉フットボールアカデミー
2026_D1_m23,1部,2026-05-30,第6節,小美玉フットボールアカデミー,森島 めあり,1,62分,https://u15.kantolsl.com/2026/div1/m23,team_heading_not_in_match:小美玉フットボールアカデミー
2026_D1_m23,1部,2026-05-30,第6節,小美玉フットボールアカデミー,星野 陽葵,1,69分,https://u15.kantolsl.com/2026/div1/m23,team_heading_not_in_match:小美玉フットボールアカデミー
2026_D1_m23,1部,2026-05-30,第6節,小美玉フットボールアカデミー,川崎 理桜,1,74分,https://u15.kantolsl.com/2026/div1/m23,team_heading_not_in_match:小美玉フットボールアカデミー
2026_D1_m23,1部,2026-05-30,第6節,VONDS市原FCレディ－スU-15,福田 結彩,1,42分,https://u15.kantolsl.com/2026/div1/m23,
2026_D1_m24,1部,2026-05-31,第6節,湘南ベルマーレU-15ガールズ,中邨 日向,1,7分,https://u15.kantolsl.com/2026/div1/m24,
2026_D1_m24,1部,2026-05-31,第6節,湘南ベルマーレU-15ガールズ,籔下 遥,1,67分,https://u15.kantolsl.com/2026/div1/m24,
2026_D1_m24,1部,2026-05-31,第6節,INAC白岡SCレディース,江川 千聖,1,40分,https://u15.kantolsl.com/2026/div1/m24,
2026_D1_m25,1部,2026-06-06,第7節,三菱重工浦和レッズレディースジュニアユース,浅野 伶央,1,33分,https://u15.kantolsl.com/2026/div1/m25,
2026_D1_m25,1部,2026-06-06,第7節,ジェフユナイテッド市原・千葉レディースU-15,落合 姫花,1,75分,https://u15.kantolsl.com/2026/div1/m25,
2026_D1_m26,1部,2026-06-06,第7節,ノジマステラ神奈川相模原アヴェニーレ,山口 心寧,1,40分,https://u15.kantolsl.com/2026/div1/m26,
2026_D1_m26,1部,2026-06-06,第7節,ノジマステラ神奈川相模原アヴェニーレ,松川 明愛,1,77分,https://u15.kantolsl.com/2026/div1/m26,
2026_D1_m27,1部,2026-06-06,第7節,INAC白岡SCレディース,福島 和心,2,25分|43分,https://u15.kantolsl.com/2026/div1/m27,
2026_D1_m27,1部,2026-06-06,第7節,INAC白岡SCレディース,江川 千聖,2,33分|62分,https://u15.kantolsl.com/2026/div1/m27,
2026_D1_m27,1部,2026-06-06,第7節,INAC白岡SCレディース,肥田 梨咲子,1,15分,https://u15.kantolsl.com/2026/div1/m27,
2026_D1_m27,1部,2026-06-06,第7節,INAC白岡SCレディース,清水 若葉,1,63分,https://u15.kantolsl.com/2026/div1/m27,
2026_D1_m28,1部,2026-06-06,第7節,小美玉フットボールアカデミー,朝岡 明希,2,6分|73分,https://u15.kantolsl.com/2026/div1/m28,team_heading_not_in_match:小美玉フットボールアカデミー
2026_D1_m28,1部,2026-06-06,第7節,小美玉フットボールアカデミー,星野 陽葵,1,65分,https://u15.kantolsl.com/2026/div1/m28,team_heading_not_in_match:小美玉フットボールアカデミー
2026_D2_m01,2部,2026-04-05,第1節,ちふれASエルフェン埼玉マリU-15,松本 芽生,1,32分,https://u15.kantolsl.com/2026/div2/m01,
2026_D2_m01,2部,2026-04-05,第1節,FC市川GUNNERSレディース,黒澤 七葉,1,8分,https://u15.kantolsl.com/2026/div2/m01,
2026_D2_m02,2部,2026-04-05,第1節,INAC柏CRAVO FC,齊藤 楓花,1,42分,https://u15.kantolsl.com/2026/div2/m02,
2026_D2_m02,2部,2026-04-05,第1節,INAC柏CRAVO FC,藤沢 美緒,1,44分,https://u15.kantolsl.com/2026/div2/m02,
2026_D2_m03,2部,2026-04-05,第1節,栃木SCレディース,林 加笑,1,38分,https://u15.kantolsl.com/2026/div2/m03,
2026_D2_m03,2部,2026-04-05,第1節,栃木SCレディース,檜山 未知琉,1,73分,https://u15.kantolsl.com/2026/div2/m03,
2026_D2_m04,2部,2026-04-04,第1節,RB大宮アルディージャWOMEN U15,小口彩理,1,26分,https://u15.kantolsl.com/2026/div2/m04,team_heading_not_in_match:RB大宮アルディージャWOMEN U15
2026_D2_m04,2部,2026-04-04,第1節,十文字中学校,遊佐葉月,1,45分,https://u15.kantolsl.com/2026/div2/m04,
2026_D2_m05,2部,2026-04-11,第2節,府ロクレディース,會澤 萌乃風,1,1分,https://u15.kantolsl.com/2026/div2/m05,team_heading_not_in_match:府ロクレディース
2026_D2_m05,2部,2026-04-11,第2節,ちふれASエルフェン埼玉マリU-15,松本 芽生,1,10分,https://u15.kantolsl.com/2026/div2/m05,
2026_D2_m05,2部,2026-04-11,第2節,ちふれASエルフェン埼玉マリU-15,齋藤 澪來,1,47分,https://u15.kantolsl.com/2026/div2/m05,
2026_D2_m06,2部,2026-04-12,第2節,INAC柏CRAVO FC,加藤 なづな,2,36分|42分,https://u15.kantolsl.com/2026/div2/m06,
2026_D2_m06,2部,2026-04-12,第2節,INAC柏CRAVO FC,藤沢 美緒,2,52分|59分,https://u15.kantolsl.com/2026/div2/m06,
2026_D2_m06,2部,2026-04-12,第2節,INAC柏CRAVO FC,藤井 悠羽,1,5分,https://u15.kantolsl.com/2026/div2/m06,
2026_D2_m06,2部,2026-04-12,第2節,INAC柏CRAVO FC,直井 里桜,1,75分,https://u15.kantolsl.com/2026/div2/m06,
2026_D2_m07,2部,2026-04-12,第2節,スフィーダ世田谷FCユース,真田 小町,1,48分,https://u15.kantolsl.com/2026/div2/m07,
2026_D2_m07,2部,2026-04-12,第2節,スフィーダ世田谷FCユース,滝澤 優奈,1,67分,https://u15.kantolsl.com/2026/div2/m07,
2026_D2_m07,2部,2026-04-12,第2節,スフィーダ世田谷FCユース,関 まはる,1,80+3分,https://u15.kantolsl.com/2026/div2/m07,
2026_D2_m08,2部,2026-04-11,第2節,栃木SCレディース,清野 七愛,3,1分|22分|75分,https://u15.kantolsl.com/2026/div2/m08,
2026_D2_m09,2部,2026-04-19,第3節,栃木SCレディース,清野 七愛,1,14分,https://u15.kantolsl.com/2026/div2/m09,
2026_D2_m10,2部,2026-04-19,第3節,INAC柏CRAVO FC,笹ノ間 奈央,1,48分,https://u15.kantolsl.com/2026/div2/m10,
2026_D2_m11,2部,2026-04-19,第3節,スフィーダ世田谷FCユース,真田 小町,3,35分|62分|69分,https://u15.kantolsl.com/2026/div2/m11,team_heading_not_in_match:スフィーダ世田谷FCユース
2026_D2_m11,2部,2026-04-19,第3節,スフィーダ世田谷FCユース,関 まはる,1,57分,https://u15.kantolsl.com/2026/div2/m11,team_heading_not_in_match:スフィーダ世田谷FCユース
2026_D2_m11,2部,2026-04-19,第3節,スフィーダ世田谷FCユース,尾熊 彩,1,72分,https://u15.kantolsl.com/2026/div2/m11,team_heading_not_in_match:スフィーダ世田谷FCユース
2026_D2_m11,2部,2026-04-19,第3節,FC市川GUNNERSレディース,下村 結七,1,44分,https://u15.kantolsl.com/2026/div2/m11,
2026_D2_m12,2部,2026-04-19,第3節,RB大宮アルディージャWOMEN U15,中村 詩,1,2分,https://u15.kantolsl.com/2026/div2/m12,team_heading_not_in_match:RB大宮アルディージャWOMEN U15
2026_D2_m12,2部,2026-04-19,第3節,RB大宮アルディージャWOMEN U15,奥田 利咲,1,13分,https://u15.kantolsl.com/2026/div2/m12,team_heading_not_in_match:RB大宮アルディージャWOMEN U15
2026_D2_m12,2部,2026-04-19,第3節,RB大宮アルディージャWOMEN U15,加藤 咲那,1,48分,https://u15.kantolsl.com/2026/div2/m12,team_heading_not_in_match:RB大宮アルディージャWOMEN U15
2026_D2_m13,2部,2026-05-10,第4節,十文字中学校,市原 萌百花,1,25分,https://u15.kantolsl.com/2026/div2/m13,
2026_D2_m13,2部,2026-05-10,第4節,十文字中学校,金子 楓翔,1,39分,https://u15.kantolsl.com/2026/div2/m13,
2026_D2_m14,2部,2026-05-10,第4節,栃木SCレディース,オウンゴール,1,16分,https://u15.kantolsl.com/2026/div2/m14,
2026_D2_m14,2部,2026-05-10,第4節,栃木SCレディース,清野 七愛,1,28分,https://u15.kantolsl.com/2026/div2/m14,
2026_D2_m14,2部,2026-05-10,第4節,栃木SCレディース,林 加笑,1,40+1分,https://u15.kantolsl.com/2026/div2/m14,
2026_D2_m15,2部,2026-05-10,第4節,府ロクレディース,金子 和,1,55分,https://u15.kantolsl.com/2026/div2/m15,
2026_D2_m15,2部,2026-05-10,第4節,スフィーダ世田谷FCユース,関 まはる,1,5分,https://u15.kantolsl.com/2026/div2/m15,
2026_D2_m15,2部,2026-05-10,第4節,スフィーダ世田谷FCユース,茂木 陽菜,1,17分,https://u15.kantolsl.com/2026/div2/m15,
2026_D2_m15,2部,2026-05-10,第4節,スフィーダ世田谷FCユース,滝澤 優奈,1,37分,https://u15.kantolsl.com/2026/div2/m15,
2026_D2_m15,2部,2026-05-10,第4節,スフィーダ世田谷FCユース,佐藤 杏音,1,66分,https://u15.kantolsl.com/2026/div2/m15,
2026_D2_m15,2部,2026-05-10,第4節,スフィーダ世田谷FCユース,吉川 怜那,1,73分,https://u15.kantolsl.com/2026/div2/m15,
2026_D2_m15,2部,2026-05-10,第4節,スフィーダ世田谷FCユース,オウンゴール,1,80分,https://u15.kantolsl.com/2026/div2/m15,
2026_D2_m16,2部,2026-05-10,第4節,RB大宮アルディージャWOMEN U15,奥田 利咲,1,60分,https://u15.kantolsl.com/2026/div2/m16,
2026_D2_m16,2部,2026-05-10,第4節,RB大宮アルディージャWOMEN U15,椎名 夢咲,1,77分,https://u15.kantolsl.com/2026/div2/m16,
2026_D2_m17,2部,2026-05-16,第5節,RB大宮アルディージャWOMEN U15,飯島 桜子,1,3分,https://u15.kantolsl.com/2026/div2/m17,team_heading_not_in_match:RB大宮アルディージャWOMEN U15
2026_D2_m17,2部,2026-05-16,第5節,ちふれASエルフェン埼玉マリU-15,今泉 奏,1,71分,https://u15.kantolsl.com/2026/div2/m17,
2026_D2_m18,2部,2026-05-17,第5節,スフィーダ世田谷FCユース,加瀬 楓,1,80分,https://u15.kantolsl.com/2026/div2/m18,
2026_D2_m19,2部,2026-05-17,第5節,十文字中学校,小川 梨心,1,52分,https://u15.kantolsl.com/2026/div2/m19,
2026_D2_m20,2部,2026-05-16,第5節,栃木SCレディース,奈良 凪紗,2,29分|68分,https://u15.kantolsl.com/2026/div2/m20,
2026_D2_m20,2部,2026-05-16,第5節,栃木SCレディース,清野 七愛,1,35分,https://u15.kantolsl.com/2026/div2/m20,
2026_D2_m20,2部,2026-05-16,第5節,栃木SCレディース,柳浦 咲煌,1,55分,https://u15.kantolsl.com/2026/div2/m20,
2026_D2_m21,2部,2026-05-31,第6節,ちふれASエルフェン埼玉マリU-15,湯本 蘭,1,69分,https://u15.kantolsl.com/2026/div2/m21,
2026_D2_m21,2部,2026-05-31,第6節,スフィーダ世田谷FCユース,関 まはる,1,17分,https://u15.kantolsl.com/2026/div2/m21,
2026_D2_m21,2部,2026-05-31,第6節,スフィーダ世田谷FCユース,浅香 裕来,1,33分,https://u15.kantolsl.com/2026/div2/m21,
2026_D2_m21,2部,2026-05-31,第6節,スフィーダ世田谷FCユース,吉川 美南,1,63分,https://u15.kantolsl.com/2026/div2/m21,
2026_D2_m22,2部,2026-05-30,第6節,INAC柏CRAVO FC,齊藤 楓花,2,24分|38分,https://u15.kantolsl.com/2026/div2/m22,
2026_D2_m22,2部,2026-05-30,第6節,INAC柏CRAVO FC,竹田 美羽,1,35分,https://u15.kantolsl.com/2026/div2/m22,
2026_D2_m23,2部,2026-05-30,第6節,十文字中学校,松原 璃々,1,73分,https://u15.kantolsl.com/2026/div2/m23,
2026_D2_m24,2部,2026-05-31,第6節,栃木SCレディース,林 加笑,2,37分|73分,https://u15.kantolsl.com/2026/div2/m24,
2026_D2_m25,2部,2026-06-07,第7節,ちふれASエルフェン埼玉マリU-15,菊池 玲香,1,38分,https://u15.kantolsl.com/2026/div2/m25,
2026_D2_m25,2部,2026-06-07,第7節,INAC柏CRAVO FC,加藤 なづな,1,13分,https://u15.kantolsl.com/2026/div2/m25,
2026_D2_m25,2部,2026-06-07,第7節,INAC柏CRAVO FC,椎名 由衣,1,26分,https://u15.kantolsl.com/2026/div2/m25,
2026_D2_m25,2部,2026-06-07,第7節,INAC柏CRAVO FC,笹ノ間 奈央,1,45分,https://u15.kantolsl.com/2026/div2/m25,
2026_D2_m26,2部,2026-06-07,第7節,,,0,,https://u15.kantolsl.com/2026/div2/m26,scorers_block_not_found
2026_D2_m27,2部,2026-06-07,第7節,十文字中学校,市原 萌百花,1,17分,https://u15.kantolsl.com/2026/div2/m27,
2026_D2_m27,2部,2026-06-07,第7節,栃木SCレディース,富澤 結夢,1,10分,https://u15.kantolsl.com/2026/div2/m27,
2026_D2_m27,2部,2026-06-07,第7節,栃木SCレディース,清野 七愛,1,23分,https://u15.kantolsl.com/2026/div2/m27,
2026_D2_m28,2部,2026-06-07,第7節,FC市川GUNNERSレディース,谷野 陽咲,1,18分,https://u15.kantolsl.com/2026/div2/m28,
2026_D2_m28,2部,2026-06-07,第7節,FC市川GUNNERSレディース,下村 結七,1,56分,https://u15.kantolsl.com/2026/div2/m28,
2026_D2_m28,2部,2026-06-07,第7節,FC市川GUNNERSレディース,大森 れいら,1,70分,https://u15.kantolsl.com/2026/div2/m28,
2026_D2_m28,2部,2026-06-07,第7節,府ロクレディース,會澤 萌乃風,1,20分,https://u15.kantolsl.com/2026/div2/m28,
